date,lpr_1y
1995-01-01,5.63
1995-02-01,5.97
1995-03-01,5.58
1995-04-01,5.61
1995-05-01,5.49
1995-06-01,5.43
1995-07-01,5.79
1995-08-01,5.47
1995-09-01,5.68
1995-10-01,5.59
1995-11-01,5.8
1995-12-01,5.79
1996-01-01,5.95
1996-02-01,5.66
1996-03-01,5.72
1996-04-01,5.6
1996-05-01,5.72
1996-06-01,5.9
1996-07-01,5.99
1996-08-01,5.67
1996-09-01,6.04
1996-10-01,6.15
1996-11-01,5.98
1996-12-01,6.28
1997-01-01,5.77
1997-02-01,5.68
1997-03-01,5.59
1997-04-01,6.25
1997-05-01,6.09
1997-06-01,5.96
1997-07-01,6.03
1997-08-01,5.76
1997-09-01,6.48
1997-10-01,6.02
1997-11-01,6.02
1997-12-01,6.14
1998-01-01,6.09
1998-02-01,6.04
1998-03-01,5.84
1998-04-01,6.09
1998-05-01,6.37
1998-06-01,6.26
1998-07-01,6.31
1998-08-01,5.89
1998-09-01,5.78
1998-10-01,5.95
1998-11-01,5.98
1998-12-01,6.18
1999-01-01,5.62
1999-02-01,6.25
1999-03-01,5.9
1999-04-01,5.84
1999-05-01,5.71
1999-06-01,5.57
1999-07-01,6.05
1999-08-01,5.89
1999-09-01,5.6
1999-10-01,5.59
1999-11-01,5.76
1999-12-01,6.15
2000-01-01,5.75
2000-02-01,5.48
2000-03-01,5.72
2000-04-01,5.69
2000-05-01,5.19
2000-06-01,5.7
2000-07-01,5.64
2000-08-01,5.81
2000-09-01,6.02
2000-10-01,5.86
2000-11-01,5.56
2000-12-01,5.37
2001-01-01,6.09
2001-02-01,5.56
2001-03-01,5.53
2001-04-01,5.5
2001-05-01,5.53
2001-06-01,5.44
2001-07-01,5.33
2001-08-01,5.32
2001-09-01,5.4
2001-10-01,5.28
2001-11-01,5.22
2001-12-01,5.37
2002-01-01,5.27
2002-02-01,5.61
2002-03-01,4.76
2002-04-01,5.49
2002-05-01,5.5
2002-06-01,4.82
2002-07-01,5.15
2002-08-01,5.12
2002-09-01,4.9
2002-10-01,5.01
2002-11-01,4.93
2002-12-01,5.49
2003-01-01,5.31
2003-02-01,5.36
2003-03-01,5.24
2003-04-01,4.86
2003-05-01,4.97
2003-06-01,5.16
2003-07-01,4.81
2003-08-01,5.19
2003-09-01,4.99
2003-10-01,4.95
2003-11-01,5.16
2003-12-01,5.1
2004-01-01,4.94
2004-02-01,5.24
2004-03-01,4.79
2004-04-01,5.13
2004-05-01,5.12
2004-06-01,4.94
2004-07-01,5.07
2004-08-01,4.75
2004-09-01,5.19
2004-10-01,4.97
2004-11-01,4.91
2004-12-01,5.22
2005-01-01,4.88
2005-02-01,4.75
2005-03-01,4.72
2005-04-01,5.16
2005-05-01,4.79
2005-06-01,5.41
2005-07-01,4.65
2005-08-01,5.42
2005-09-01,5.14
2005-10-01,5.09
2005-11-01,5.01
2005-12-01,5.21
2006-01-01,5.14
2006-02-01,5.38
2006-03-01,5.2
2006-04-01,5.22
2006-05-01,5.14
2006-06-01,5.22
2006-07-01,5.31
2006-08-01,4.92
2006-09-01,5.01
2006-10-01,5.45
2006-11-01,5.35
2006-12-01,5.3
2007-01-01,5.36
2007-02-01,5.45
2007-03-01,5.29
2007-04-01,5.27
2007-05-01,5.48
2007-06-01,5.27
2007-07-01,5.57
2007-08-01,5.16
2007-09-01,5.73
2007-10-01,5.64
2007-11-01,5.62
2007-12-01,5.78
2008-01-01,5.94
2008-02-01,5.83
2008-03-01,5.28
2008-04-01,5.41
2008-05-01,5.56
2008-06-01,5.71
2008-07-01,5.83
2008-08-01,5.6
2008-09-01,5.8
2008-10-01,5.63
2008-11-01,5.67
2008-12-01,5.53
2009-01-01,5.64
2009-02-01,5.57
2009-03-01,5.66
2009-04-01,6.08
2009-05-01,5.7
2009-06-01,6.43
2009-07-01,6.01
2009-08-01,5.96
2009-09-01,5.76
2009-10-01,6.08
2009-11-01,5.84
2009-12-01,5.99
2010-01-01,6.48
2010-02-01,5.96
2010-03-01,6.21
2010-04-01,5.85
2010-05-01,5.98
2010-06-01,6.35
2010-07-01,5.87
2010-08-01,6.36
2010-09-01,6.14
2010-10-01,5.89
2010-11-01,6.13
2010-12-01,6.19
2011-01-01,6.12
2011-02-01,5.68
2011-03-01,5.84
2011-04-01,5.93
2011-05-01,5.96
2011-06-01,6.09
2011-07-01,6.0
2011-08-01,5.69
2011-09-01,6.02
2011-10-01,6.06
2011-11-01,6.03
2011-12-01,6.13
2012-01-01,6.07
2012-02-01,5.98
2012-03-01,5.86
2012-04-01,5.53
2012-05-01,5.93
2012-06-01,5.87
2012-07-01,5.87
2012-08-01,5.54
2012-09-01,5.56
2012-10-01,5.97
2012-11-01,5.74
2012-12-01,5.86
2013-01-01,4.0
2013-02-01,4.0
2013-03-01,4.14
2013-04-01,3.92
2013-05-01,4.01
2013-06-01,3.93
2013-07-01,3.93
2013-08-01,3.95
2013-09-01,4.03
2013-10-01,3.93
2013-11-01,4.19
2013-12-01,3.87
2014-01-01,3.47
2014-02-01,3.43
2014-03-01,3.72
2014-04-01,3.53
2014-05-01,3.65
2014-06-01,3.28
2014-07-01,3.54
2014-08-01,3.63
2014-09-01,3.51
2014-10-01,3.66
2014-11-01,3.42
2014-12-01,3.71
2015-01-01,4.34
2015-02-01,3.95
2015-03-01,3.93
2015-04-01,4.22
2015-05-01,4.24
2015-06-01,3.92
2015-07-01,3.94
2015-08-01,3.96
2015-09-01,3.8
2015-10-01,3.86
2015-11-01,3.85
2015-12-01,3.88
2016-01-01,3.24
2016-02-01,3.29
2016-03-01,3.48
2016-04-01,3.1
2016-05-01,3.4
2016-06-01,3.22
2016-07-01,3.24
2016-08-01,3.35
2016-09-01,3.08
2016-10-01,3.31
2016-11-01,3.27
2016-12-01,3.32
2017-01-01,4.04
2017-02-01,4.37
2017-03-01,3.9
2017-04-01,3.92
2017-05-01,3.91
2017-06-01,3.92
2017-07-01,3.9
2017-08-01,4.18
2017-09-01,4.21
2017-10-01,3.91
2017-11-01,3.88
2017-12-01,4.07
2018-01-01,3.42
2018-02-01,3.59
2018-03-01,3.53
2018-04-01,3.27
2018-05-01,3.73
2018-06-01,3.77
2018-07-01,3.41
2018-08-01,3.44
2018-09-01,3.54
2018-10-01,3.55
2018-11-01,3.6
2018-12-01,3.8
2019-01-01,3.97
2019-02-01,3.88
2019-03-01,3.79
2019-04-01,3.89
