Year,Month,News_Based_Policy_Uncert_Index
1900,1,139.90619
1900,2,121.12039
1900,3,166.51979
1900,4,87.03699
1900,5,89.715352
1900,6,103.10805
1900,7,102.41327
1900,8,99.281354
1900,9,92.600636
1900,10,103.01507
1900,11,95.546746
1900,12,64.224593
1901,1,104.35174
1901,2,82.148786
1901,3,124.6523
1901,4,82.402976
1901,5,86.546687
1901,6,74.826557
1901,7,73.201299
1901,8,79.444272
1901,9,83.678517
1901,10,115.47318
1901,11,94.66475
1901,12,112.02224
1902,1,80.282482
1902,2,78.627546
1902,3,55.016086
1902,4,84.912273
1902,5,65.616471
1902,6,54.038282
1902,7,39.298415
1902,8,48.456306
1902,9,52.507825
1902,10,92.371858
1902,11,92.383934
1902,12,78.105461
1903,1,64.413964
1903,2,73.844285
1903,3,61.639631
1903,4,69.287958
1903,5,49.629601
1903,6,50.680809
1903,7,51.208584
1903,8,63.712969
1903,9,58.793827
1903,10,55.443192
1903,11,57.137105
1903,12,70.595838
1904,1,78.077679
1904,2,77.57004
1904,3,77.331705
1904,4,58.723112
1904,5,71.896731
1904,6,76.418297
1904,7,104.23483
1904,8,63.715695
1904,9,69.98422
1904,10,70.024441
1904,11,64.584926
1904,12,54.960366
1905,1,77.148046
1905,2,75.377165
1905,3,59.440429
1905,4,51.65136
1905,5,59.888568
1905,6,63.332885
1905,7,62.316912
1905,8,78.311791
1905,9,41.451714
1905,10,61.382093
1905,11,89.725279
1905,12,67.780098
1906,1,49.470768
1906,2,83.587613
1906,3,50.29425
1906,4,56.534778
1906,5,53.650515
1906,6,73.567633
1906,7,62.777046
1906,8,55.594091
1906,9,35.037425
1906,10,51.174845
1906,11,60.362371
1906,12,56.3315
1907,1,25.74543
1907,2,43.755667
1907,3,50.183773
1907,4,43.281678
1907,5,52.231292
1907,6,46.692071
1907,7,59.453416
1907,8,52.806111
1907,9,54.233781
1907,10,42.457633
1907,11,46.875471
1907,12,63.565715
1908,1,64.227216
1908,2,66.827839
1908,3,75.554971
1908,4,67.46501
1908,5,64.180282
1908,6,62.429034
1908,7,34.748674
1908,8,43.244932
1908,9,44.909507
1908,10,71.205967
1908,11,57.980591
1908,12,74.44731
1909,1,100.4308
1909,2,102.30044
1909,3,112.70161
1909,4,84.106809
1909,5,74.621857
1909,6,62.346961
1909,7,76.759093
1909,8,79.355665
1909,9,48.982962
1909,10,55.31692
1909,11,48.367329
1909,12,77.906984
1910,1,79.911236
1910,2,83.884254
1910,3,57.842405
1910,4,64.6338
1910,5,62.069531
1910,6,82.660573
1910,7,63.359919
1910,8,42.800385
1910,9,71.818882
1910,10,56.070717
1910,11,86.760945
1910,12,57.851518
1911,1,46.559123
1911,2,77.776296
1911,3,66.210924
1911,4,86.719234
1911,5,74.983545
1911,6,65.368238
1911,7,55.897844
1911,8,71.269881
1911,9,62.39548
1911,10,75.979189
1911,11,67.747641
1911,12,74.029605
1912,1,57.020694
1912,2,72.169872
1912,3,59.917106
1912,4,40.402335
1912,5,35.75909
1912,6,61.587289
1912,7,56.048424
1912,8,57.155205
1912,9,43.40501
1912,10,44.154821
1912,11,95.516445
1912,12,72.436753
1913,1,68.707804
1913,2,78.934781
1913,3,80.479255
1913,4,100.68077
1913,5,78.890404
1913,6,88.088568
1913,7,78.659107
1913,8,80.752262
1913,9,82.99122
1913,10,91.995575
1913,11,100.8319
1913,12,115.13216
1914,1,102.75459
1914,2,73.836743
1914,3,59.836115
1914,4,75.954666
1914,5,62.889375
1914,6,120.92258
1914,7,113.56249
1914,8,167.93691
1914,9,135.14757
1914,10,81.647445
1914,11,110.18187
1914,12,74.590518
1915,1,98.924259
1915,2,117.58582
1915,3,111.80428
1915,4,69.894272
1915,5,102.53114
1915,6,93.631545
1915,7,92.434461
1915,8,125.60238
1915,9,96.681745
1915,10,83.710151
1915,11,88.134502
1915,12,81.660114
1916,1,74.101846
1916,2,89.881971
1916,3,100.26907
1916,4,87.149675
1916,5,83.192882
1916,6,87.220575
1916,7,68.746463
1916,8,91.232117
1916,9,60.546475
1916,10,78.609321
1916,11,67.060381
1916,12,69.317119
1917,1,45.764661
1917,2,88.457369
1917,3,60.654419
1917,4,90.786489
1917,5,58.125088
1917,6,77.693616
1917,7,119.24157
1917,8,107.93906
1917,9,99.196822
1917,10,83.214293
1917,11,88.603171
1917,12,105.82509
1918,1,115.80138
1918,2,122.75621
1918,3,87.717026
1918,4,89.734836
1918,5,113.96063
1918,6,101.37992
1918,7,130.36612
1918,8,83.83832
1918,9,80.355457
1918,10,79.394115
1918,11,170.38886
1918,12,190.02243
1919,1,149.58829
1919,2,132.69228
1919,3,107.28392
1919,4,84.652749
1919,5,98.173174
1919,6,95.632167
1919,7,107.82408
1919,8,100.90606
1919,9,88.671774
1919,10,85.012882
1919,11,95.687954
1919,12,111.76302
1920,1,54.078177
1920,2,66.251501
1920,3,65.556039
1920,4,49.134202
1920,5,52.234737
1920,6,93.430327
1920,7,62.129615
1920,8,82.25347
1920,9,53.848725
1920,10,71.994792
1920,11,50.897637
1920,12,60.074213
1921,1,51.590195
1921,2,49.324855
1921,3,68.96781
1921,4,69.655974
1921,5,70.170895
1921,6,77.668353
1921,7,73.961727
1921,8,101.42926
1921,9,103.87069
1921,10,65.596409
1921,11,55.612924
1921,12,72.679081
1922,1,74.333513
1922,2,72.633622
1922,3,60.037126
1922,4,60.355948
1922,5,58.817786
1922,6,65.636119
1922,7,68.232579
1922,8,65.633489
1922,9,66.151344
1922,10,48.912625
1922,11,57.14484
1922,12,50.355312
1923,1,79.209493
1923,2,57.687669
1923,3,48.198087
1923,4,61.305184
1923,5,64.413824
1923,6,62.72443
1923,7,86.376956
1923,8,66.01487
1923,9,63.223585
1923,10,67.124317
1923,11,62.571902
1923,12,65.944354
1924,1,80.489553
1924,2,60.341968
1924,3,77.113225
1924,4,81.899338
1924,5,123.79964
1924,6,91.379623
1924,7,73.271207
1924,8,85.832275
1924,9,58.989266
1924,10,104.74447
1924,11,100.65839
1924,12,77.578857
1925,1,78.596208
1925,2,47.30826
1925,3,65.358207
1925,4,62.050572
1925,5,65.025457
1925,6,55.596173
1925,7,33.300534
1925,8,58.132349
1925,9,53.36881
1925,10,69.76168
1925,11,66.763229
1925,12,53.244679
1926,1,52.516219
1926,2,54.627222
1926,3,43.111695
1926,4,39.027741
1926,5,59.49649
1926,6,49.910173
1926,7,64.707257
1926,8,66.773949
1926,9,62.540919
1926,10,58.721141
1926,11,84.534878
1926,12,62.091616
1927,1,59.184535
1927,2,50.018694
1927,3,43.034838
1927,4,51.702917
1927,5,52.670052
1927,6,57.778773
1927,7,65.683053
1927,8,54.521168
1927,9,53.299421
1927,10,50.892725
1927,11,49.071592
1927,12,64.521441
1928,1,61.208531
1928,2,49.887643
1928,3,44.918908
1928,4,51.79482
1928,5,41.832087
1928,6,47.833568
1928,7,62.907815
1928,8,75.015402
1928,9,54.613539
1928,10,54.076303
1928,11,61.008884
1928,12,45.029963
1929,1,65.440383
1929,2,90.890506
1929,3,74.92435
1929,4,81.877038
1929,5,68.060655
1929,6,79.385077
1929,7,71.428477
1929,8,65.569182
1929,9,65.508002
1929,10,55.104367
1929,11,59.977153
1929,12,75.81005
1930,1,63.719703
1930,2,78.423216
1930,3,65.176718
1930,4,56.556492
1930,5,52.364491
1930,6,87.948175
1930,7,52.835909
1930,8,59.1083
1930,9,61.070212
1930,10,57.407134
1930,11,77.886907
1930,12,63.622502
1931,1,70.564411
1931,2,71.974292
1931,3,77.173235
1931,4,58.744782
1931,5,69.72014
1931,6,72.943161
1931,7,53.063812
1931,8,72.823097
1931,9,64.168443
1931,10,75.622464
1931,11,60.728001
1931,12,100.78182
1932,1,117.84519
1932,2,100.16491
1932,3,108.3066
1932,4,114.7701
1932,5,190.28506
1932,6,165.58563
1932,7,113.46255
1932,8,74.713797
1932,9,64.881737
1932,10,116.12869
1932,11,174.45634
1932,12,141.06623
1933,1,131.82769
1933,2,119.43471
1933,3,99.443825
1933,4,132.79526
1933,5,112.6013
1933,6,121.16544
1933,7,66.618249
1933,8,80.525707
1933,9,94.487759
1933,10,105.74115
1933,11,129.85967
1933,12,136.48771
1934,1,134.86522
1934,2,101.67915
1934,3,143.81594
1934,4,129.27528
1934,5,154.95524
1934,6,160.84019
1934,7,130.16631
1934,8,126.76835
1934,9,169.5688
1934,10,169.45938
1934,11,125.50659
1934,12,130.18016
1935,1,180.55111
1935,2,182.12685
1935,3,235.13955
1935,4,150.29062
1935,5,211.27811
1935,6,173.86646
1935,7,138.33312
1935,8,127.00142
1935,9,157.32266
1935,10,139.11769
1935,11,109.43264
1935,12,139.05931
1936,1,194.16577
1936,2,127.45202
1936,3,121.74531
1936,4,121.05549
1936,5,151.99957
1936,6,152.52736
1936,7,94.561771
1936,8,103.09709
1936,9,90.534374
1936,10,95.133049
1936,11,92.312293
1936,12,72.991347
1937,1,131.3205
1937,2,94.698015
1937,3,87.29718
1937,4,111.24967
1937,5,99.706534
1937,6,135.75522
1937,7,115.51489
1937,8,121.74901
1937,9,127.6516
1937,10,95.193355
1937,11,176.98934
1937,12,163.90706
1938,1,201.80568
1938,2,139.51976
1938,3,126.12654
1938,4,137.31459
1938,5,140.77485
1938,6,131.3891
1938,7,93.913146
1938,8,107.33711
1938,9,174.9639
1938,10,131.23663
1938,11,108.0187
1938,12,98.233702
1939,1,117.27754
1939,2,112.44357
1939,3,98.465592
1939,4,135.25788
1939,5,126.94541
1939,6,97.012096
1939,7,111.34065
1939,8,115.04525
1939,9,176.26789
1939,10,177.34229
1939,11,121.60173
1939,12,108.22851
1940,1,154.60807
1940,2,113.58857
1940,3,131.36606
1940,4,135.11534
1940,5,141.49616
1940,6,175.17171
1940,7,123.62147
1940,8,164.37321
1940,9,149.90049
1940,10,142.43764
1940,11,110.39939
1940,12,123.10249
1941,1,137.09922
1941,2,129.56192
1941,3,118.57724
1941,4,95.024809
1941,5,97.110186
1941,6,119.29387
1941,7,109.49183
1941,8,104.92664
1941,9,82.73214
1941,10,88.135317
1941,11,100.07341
1941,12,153.64739
1942,1,159.56658
1942,2,121.45504
1942,3,114.48398
1942,4,159.55124
1942,5,164.77328
1942,6,117.37763
1942,7,139.49931
1942,8,133.36691
1942,9,157.62345
1942,10,124.66378
1942,11,99.95902
1942,12,149.38411
1943,1,108.81624
1943,2,90.970223
1943,3,148.20717
1943,4,102.49929
1943,5,132.8749
1943,6,115.06926
1943,7,114.3481
1943,8,94.383149
1943,9,117.4941
1943,10,88.576203
1943,11,99.654007
1943,12,91.577433
1944,1,83.611913
1944,2,97.865716
1944,3,74.796181
1944,4,145.52222
1944,5,90.376719
1944,6,70.145698
1944,7,84.695942
1944,8,77.219687
1944,9,112.82067
1944,10,108.25919
1944,11,88.479817
1944,12,112.77466
1945,1,71.296048
1945,2,74.430862
1945,3,100.26225
1945,4,92.115669
1945,5,85.48607
1945,6,96.855774
1945,7,110.39331
1945,8,153.88195
1945,9,130.22595
1945,10,133.81187
1945,11,97.891794
1945,12,102.88498
1946,1,96.191518
1946,2,81.092836
1946,3,111.86948
1946,4,97.837119
1946,5,82.595674
1946,6,86.770428
1946,7,126.34391
1946,8,85.674471
1946,9,89.028795
1946,10,86.232414
1946,11,84.515986
1946,12,88.537234
1947,1,84.654305
1947,2,112.75977
1947,3,96.715603
1947,4,114.07221
1947,5,120.83938
1947,6,104.32714
1947,7,83.291639
1947,8,82.970031
1947,9,84.244461
1947,10,63.5175
1947,11,101.66552
1947,12,87.830452
1948,1,88.505673
1948,2,63.11259
1948,3,52.887754
1948,4,64.304739
1948,5,51.275862
1948,6,54.712696
1948,7,65.230483
1948,8,51.403927
1948,9,76.217524
1948,10,68.996155
1948,11,68.201441
1948,12,58.426989
1949,1,102.56137
1949,2,72.502304
1949,3,58.470411
1949,4,54.15279
1949,5,44.314936
1949,6,56.181905
1949,7,66.256064
1949,8,52.864661
1949,9,53.800792
1949,10,48.691026
1949,11,37.552612
1949,12,48.727832
1950,1,74.302175
1950,2,49.593247
1950,3,39.71389
1950,4,42.239509
1950,5,41.58758
1950,6,60.904845
1950,7,78.202217
1950,8,66.343708
1950,9,57.427308
1950,10,55.636002
1950,11,72.267318
1950,12,67.387686
1951,1,97.290511
1951,2,51.64267
1951,3,54.941666
1951,4,60.767741
1951,5,65.612597
1951,6,60.474367
1951,7,88.519157
1951,8,55.529888
1951,9,51.520909
1951,10,45.350297
1951,11,41.270492
1951,12,35.979608
1952,1,70.919305
1952,2,42.192405
1952,3,43.067229
1952,4,42.347912
1952,5,62.859593
1952,6,65.035355
1952,7,58.371017
1952,8,41.556635
1952,9,40.625431
1952,10,63.926063
1952,11,50.28922
1952,12,48.104597
1953,1,42.517095
1953,2,42.601205
1953,3,72.761102
1953,4,58.257577
1953,5,44.270151
1953,6,74.449162
1953,7,53.862387
1953,8,44.873167
1953,9,33.665801
1953,10,47.951669
1953,11,56.218007
1953,12,52.97911
1954,1,70.05538
1954,2,66.41369
1954,3,54.562034
1954,4,33.644027
1954,5,36.600583
1954,6,57.603011
1954,7,35.611303
1954,8,36.31647
1954,9,44.309735
1954,10,43.427095
1954,11,42.832805
1954,12,32.903359
1955,1,55.490548
1955,2,53.741641
1955,3,42.5716
1955,4,40.431466
1955,5,35.331102
1955,6,23.621899
1955,7,26.707142
1955,8,32.802342
1955,9,30.295134
1955,10,30.726997
1955,11,36.975622
1955,12,28.03238
1956,1,51.984459
1956,2,50.987111
1956,3,45.707925
1956,4,38.203585
1956,5,30.228871
1956,6,29.775597
1956,7,40.887385
1956,8,28.826006
1956,9,21.94447
1956,10,33.70363
1956,11,48.464211
1956,12,40.628291
1957,1,56.511063
1957,2,43.276492
1957,3,30.222922
1957,4,30.692184
1957,5,32.471822
1957,6,40.46622
1957,7,41.431236
1957,8,37.400617
1957,9,25.656452
1957,10,23.64754
1957,11,38.606124
1957,12,44.438808
1958,1,49.839798
1958,2,41.427325
1958,3,39.76089
1958,4,39.661289
1958,5,53.746294
1958,6,42.007589
1958,7,44.657295
1958,8,30.381444
1958,9,23.560763
1958,10,30.090589
1958,11,34.483238
1958,12,36.668779
1959,1,32.461146
1959,2,35.484172
1959,3,32.481579
1959,4,30.383096
1959,5,26.526942
1959,6,27.02229
1959,7,31.604962
1959,8,30.146258
1959,9,33.905359
1959,10,26.407219
1959,11,27.319738
1959,12,33.625047
1960,1,45.835265
1960,2,43.393408
1960,3,26.086863
1960,4,34.078098
1960,5,34.762743
1960,6,33.491454
1960,7,38.621431
1960,8,37.138478
1960,9,33.123469
1960,10,32.353351
1960,11,49.293687
1960,12,33.63793
1961,1,45.982192
1961,2,30.763588
1961,3,29.457746
1961,4,22.453486
1961,5,34.992017
1961,6,42.024407
1961,7,34.116697
1961,8,39.54564
1961,9,34.108347
1961,10,29.784791
1961,11,37.856691
1961,12,34.208319
1962,1,43.648523
1962,2,28.510251
1962,3,31.648828
1962,4,35.066874
1962,5,29.902374
1962,6,53.725142
1962,7,51.636061
1962,8,55.122466
1962,9,49.972101
1962,10,43.532445
1962,11,38.790695
1962,12,41.248288
1963,1,58.06333
1963,2,54.327137
1963,3,40.606709
1963,4,34.923991
1963,5,39.974273
1963,6,45.99355
1963,7,49.303311
1963,8,41.850393
1963,9,47.057767
1963,10,34.410597
1963,11,39.347927
1963,12,49.66394
1964,1,49.510945
1964,2,35.378969
1964,3,44.78542
1964,4,34.709208
1964,5,28.515474
1964,6,40.306549
1964,7,35.536291
1964,8,52.334982
1964,9,43.928976
1964,10,36.56494
1964,11,43.798622
1964,12,50.157332
1965,1,36.329176
1965,2,38.10834
1965,3,25.874006
1965,4,43.396586
1965,5,40.649672
1965,6,45.556382
1965,7,41.390096
1965,8,44.432229
1965,9,37.944913
1965,10,38.315129
1965,11,34.244881
1965,12,55.079592
1966,1,59.78347
1966,2,45.875634
1966,3,47.213978
1966,4,29.717225
1966,5,51.000795
1966,6,34.281205
1966,7,46.006152
1966,8,46.762542
1966,9,49.388443
1966,10,56.475368
1966,11,49.028214
1966,12,61.449037
1967,1,66.877558
1967,2,49.591847
1967,3,49.358001
1967,4,43.058976
1967,5,49.81781
1967,6,77.291921
1967,7,42.298459
1967,8,46.590291
1967,9,39.520466
1967,10,62.879529
1967,11,64.618301
1967,12,67.470951
1968,1,106.39666
1968,2,60.624266
1968,3,91.104985
1968,4,76.415037
1968,5,60.484087
1968,6,54.040808
1968,7,56.493482
1968,8,52.048491
1968,9,42.701258
1968,10,53.073606
1968,11,67.579495
1968,12,56.198278
1969,1,65.947636
1969,2,59.591779
1969,3,57.02036
1969,4,53.195011
1969,5,51.766223
1969,6,50.305341
1969,7,63.030613
1969,8,51.621155
1969,9,47.247198
1969,10,55.90609
1969,11,54.524258
1969,12,74.22594
1970,1,56.043009
1970,2,42.546255
1970,3,40.658955
1970,4,42.451491
1970,5,75.378498
1970,6,69.621457
1970,7,49.262008
1970,8,43.846407
1970,9,58.802502
1970,10,47.584831
1970,11,58.351814
1970,12,70.270733
1971,1,69.003319
1971,2,59.02602
1971,3,56.236833
1971,4,54.907638
1971,5,56.698597
1971,6,71.190127
1971,7,71.032694
1971,8,97.005576
1971,9,77.793262
1971,10,72.917749
1971,11,113.88129
1971,12,80.251959
1972,1,83.310012
1972,2,53.166992
1972,3,62.708553
1972,4,58.783188
1972,5,72.427418
1972,6,57.130978
1972,7,64.586244
1972,8,60.905578
1972,9,63.52885
1972,10,56.235114
1972,11,75.426951
1972,12,66.058321
1973,1,92.82371
1973,2,82.566854
1973,3,82.17805
1973,4,72.552453
1973,5,82.024544
1973,6,98.064489
1973,7,80.311894
1973,8,99.787659
1973,9,62.645262
1973,10,103.71815
1973,11,101.72005
1973,12,112.02032
1974,1,118.71156
1974,2,109.72602
1974,3,99.993692
1974,4,77.313702
1974,5,105.90606
1974,6,90.920585
1974,7,92.507955
1974,8,112.01446
1974,9,77.502548
1974,10,91.898818
1974,11,93.215255
1974,12,120.3802
1975,1,96.240266
1975,2,78.77194
1975,3,86.502754
1975,4,83.954265
1975,5,77.828675
1975,6,79.601927
1975,7,81.988464
1975,8,81.196261
1975,9,85.795602
1975,10,105.81664
1975,11,95.722626
1975,12,100.86376
1976,1,86.633146
1976,2,65.126792
1976,3,75.143571
1976,4,64.391553
1976,5,80.291002
1976,6,62.339864
1976,7,54.345273
1976,8,79.238534
1976,9,75.071411
1976,10,70.573582
1976,11,99.778768
1976,12,79.490353
1977,1,79.986508
1977,2,72.601327
1977,3,62.156589
1977,4,83.683555
1977,5,98.418325
1977,6,70.414927
1977,7,80.226992
1977,8,71.948028
1977,9,73.685215
1977,10,97.916613
1977,11,97.808892
1977,12,117.11559
1978,1,109.37018
1978,2,97.025135
1978,3,101.88348
1978,4,85.069336
1978,5,79.218309
1978,6,82.964845
1978,7,103.36461
1978,8,76.226044
1978,9,83.701632
1978,10,77.396679
1978,11,93.705187
1978,12,92.048769
1979,1,85.150016
1979,2,108.87818
1979,3,90.833386
1979,4,95.047924
1979,5,94.076136
1979,6,93.996716
1979,7,129.59659
1979,8,65.006883
1979,9,94.933683
1979,10,120.16105
1979,11,116.1564
1979,12,105.36916
1980,1,104.43279
1980,2,77.070478
1980,3,83.001147
1980,4,95.026957
1980,5,81.989501
1980,6,77.26162
1980,7,102.06499
1980,8,94.459087
1980,9,80.984448
1980,10,87.091961
1980,11,96.392143
1980,12,85.778488
1981,1,109.16926
1981,2,80.030886
1981,3,81.112099
1981,4,92.280214
1981,5,80.365829
1981,6,104.64601
1981,7,100.1272
1981,8,79.285357
1981,9,111.77702
1981,10,101.42037
1981,11,78.634436
1981,12,87.04099
1982,1,123.95945
1982,2,101.93601
1982,3,118.21384
1982,4,110.73381
1982,5,119.3441
1982,6,125.72781
1982,7,108.75549
1982,8,116.87392
1982,9,114.94739
1982,10,108.55279
1982,11,103.15013
1982,12,111.54713
1983,1,119.60696
1983,2,115.98874
1983,3,104.21082
1983,4,103.45351
1983,5,97.012466
1983,6,106.10847
1983,7,108.5905
1983,8,84.145926
1983,9,90.220249
1983,10,97.209535
1983,11,99.477386
1983,12,81.435855
1984,1,120.50577
1984,2,122.94158
1984,3,99.473756
1984,4,88.73534
1984,5,85.63728
1984,6,107.4372
1984,7,98.238962
1984,8,103.43077
1984,9,88.63725
1984,10,91.10417
1984,11,106.90445
1984,12,129.87122
1985,1,103.7488
1985,2,78.313193
1985,3,100.76148
1985,4,84.778863
1985,5,98.053653
1985,6,119.59715
1985,7,111.41511
1985,8,111.24701
1985,9,111.18446
1985,10,93.099104
1985,11,85.099133
1985,12,104.17722
1986,1,144.26647
1986,2,118.99353
1986,3,120.16006
1986,4,102.47736
1986,5,132.38617
1986,6,115.05228
1986,7,130.82105
1986,8,118.30261
1986,9,125.89422
1986,10,91.820462
1986,11,98.328943
1986,12,87.979676
1987,1,110.43333
1987,2,76.966074
1987,3,99.059576
1987,4,79.532359
1987,5,87.58505
1987,6,106.57285
1987,7,81.389414
1987,8,52.79015
1987,9,59.869595
1987,10,170.32209
1987,11,183.10253
1987,12,149.01115
1988,1,142.87285
1988,2,102.03289
1988,3,82.353635
1988,4,97.856801
1988,5,99.127444
1988,6,88.285945
1988,7,80.835894
1988,8,94.889691
1988,9,85.356802
1988,10,98.253798
1988,11,102.234
1988,12,77.828101
1989,1,87.426406
1989,2,51.350641
1989,3,72.523248
1989,4,92.379827
1989,5,83.752865
1989,6,95.786299
1989,7,78.256595
1989,8,83.109306
1989,9,74.695478
1989,10,76.449554
1989,11,105.04748
1989,12,103.79668
1990,1,92.321494
1990,2,110.44627
1990,3,104.46141
1990,4,88.448172
1990,5,97.387936
1990,6,100.86434
1990,7,86.280178
1990,8,139.32268
1990,9,165.93844
1990,10,137.67424
1990,11,152.4486
1990,12,134.06154
1991,1,204.01055
1991,2,106.51806
1991,3,107.93748
1991,4,93.014643
1991,5,82.147823
1991,6,85.919035
1991,7,80.648996
1991,8,99.122088
1991,9,127.29445
1991,10,108.12096
1991,11,140.61236
1991,12,171.01098
1992,1,116.36486
1992,2,154.59694
1992,3,96.82841
1992,4,89.854222
1992,5,78.680471
1992,6,122.2935
1992,7,119.61317
1992,8,122.40712
1992,9,141.44325
1992,10,161.25424
1992,11,108.15006
1992,12,87.872095
1993,1,83.464978
1993,2,106.97612
1993,3,109.79681
1993,4,89.65113
1993,5,133.50577
1993,6,120.68006
1993,7,106.50299
1993,8,115.57618
1993,9,116.02729
1993,10,78.822508
1993,11,89.257497
1993,12,77.272013
1994,1,82.292792
1994,2,96.145653
1994,3,83.226883
1994,4,106.35445
1994,5,94.503876
1994,6,87.468898
1994,7,75.432046
1994,8,88.997294
1994,9,85.293496
1994,10,61.686224
1994,11,94.68728
1994,12,94.763187
1995,1,122.40638
1995,2,100.51556
1995,3,86.486182
1995,4,65.995564
1995,5,67.301655
1995,6,75.823385
1995,7,81.652943
1995,8,55.888009
1995,9,70.380916
1995,10,79.905524
1995,11,101.20012
1995,12,90.670606
1996,1,101.57822
1996,2,82.021395
1996,3,76.630455
1996,4,70.881059
1996,5,62.109611
1996,6,82.242937
1996,7,69.693672
1996,8,88.647423
1996,9,78.980762
1996,10,55.670242
1996,11,74.371197
1996,12,67.173346
1997,1,75.445516
1997,2,92.086141
1997,3,70.452693
1997,4,71.104439
1997,5,75.869499
1997,6,84.478046
1997,7,76.706199
1997,8,58.915026
1997,9,54.414304
1997,10,92.929558
1997,11,85.982807
1997,12,103.69953
1998,1,107.95376
1998,2,101.14947
1998,3,83.347615
1998,4,74.457284
1998,5,80.127141
1998,6,80.887732
1998,7,101.41852
1998,8,130.46704
1998,9,169.03727
1998,10,145.02323
1998,11,113.50475
1998,12,110.89498
1999,1,123.32284
1999,2,94.996282
1999,3,67.027571
1999,4,69.787894
1999,5,64.776457
1999,6,74.925619
1999,7,86.529938
1999,8,77.025337
1999,9,77.498352
1999,10,65.337079
1999,11,76.317182
1999,12,79.32243
2000,1,88.988694
2000,2,73.3652
2000,3,73.298624
2000,4,70.599742
2000,5,118.14321
2000,6,109.58423
2000,7,86.658348
2000,8,58.906461
2000,9,73.550992
2000,10,89.913447
2000,11,166.18403
2000,12,149.4485
2001,1,142.61412
2001,2,128.62566
2001,3,137.37416
2001,4,148.758
2001,5,117.43626
2001,6,93.461232
2001,7,120.29459
2001,8,95.39997
2001,9,272.76447
2001,10,247.29425
2001,11,172.48883
2001,12,149.70893
2002,1,148.44973
2002,2,104.60943
2002,3,97.512996
2002,4,106.16465
2002,5,98.64004
2002,6,111.14995
2002,7,139.66112
2002,8,136.11907
2002,9,149.84821
2002,10,128.97361
2002,11,162.22141
2002,12,160.41132
2003,1,185.59163
2003,2,161.75977
2003,3,224.6472
2003,4,176.57987
2003,5,122.30983
2003,6,110.69554
2003,7,103.74825
2003,8,91.714177
2003,9,109.55396
2003,10,78.585987
2003,11,78.6961
2003,12,90.34359
2004,1,88.277596
2004,2,88.901485
2004,3,84.330896
2004,4,79.72692
2004,5,97.208038
2004,6,85.27449
2004,7,88.956501
2004,8,84.449878
2004,9,108.50958
2004,10,118.34145
2004,11,96.695767
2004,12,66.532877
2005,1,66.734328
2005,2,51.695687
2005,3,49.30864
2005,4,78.395873
2005,5,75.090765
2005,6,82.005589
2005,7,71.939547
2005,8,59.617232
2005,9,105.76986
2005,10,79.83
2005,11,60.067852
2005,12,70.026756
2006,1,75.079238
2006,2,69.491745
2006,3,55.008073
2006,4,81.651724
2006,5,67.809799
2006,6,82.586283
2006,7,84.474456
2006,8,71.515095
2006,9,61.751346
2006,10,55.629511
2006,11,49.599131
2006,12,51.039039
2007,1,74.510027
2007,2,50.860025
2007,3,72.529866
2007,4,59.841394
2007,5,71.13732
2007,6,68.759233
2007,7,44.782751
2007,8,90.007297
2007,9,109.89266
2007,10,90.640076
2007,11,106.56617
2007,12,116.9909
2008,1,177.04221
2008,2,108.31474
2008,3,114.47458
2008,4,98.197699
2008,5,88.673434
2008,6,89.136883
2008,7,115.10272
2008,8,81.163078
2008,9,238.17187
2008,10,241.77228
2008,11,162.71338
2008,12,157.82868
2009,1,184.81783
2009,2,202.54797
2009,3,167.99122
2009,4,107.92725
2009,5,125.94462
2009,6,112.47264
2009,7,104.35511
2009,8,111.17434
2009,9,99.009636
2009,10,86.24176
2009,11,99.779269
2009,12,108.39609
2010,1,136.86386
2010,2,116.72156
2010,3,124.68751
2010,4,123.7022
2010,5,147.76326
2010,6,129.7322
2010,7,196.94725
2010,8,127.22817
2010,9,186.74125
2010,10,154.76274
2010,11,175.04428
2010,12,151.55333
2011,1,111.49282
2011,2,104.56237
2011,3,153.84173
2011,4,124.84659
2011,5,84.549161
2011,6,139.0379
2011,7,207.16031
2011,8,283.66557
2011,9,214.42611
2011,10,137.83925
2011,11,143.71456
2011,12,183.08861
2012,1,154.41802
2012,2,119.43544
2012,3,98.748105
2012,4,96.969671
2012,5,135.87985
2012,6,197.46098
2012,7,180.80354
2012,8,142.9553
2012,9,182.10719
2012,10,166.1284
2012,11,205.86466
2012,12,214.95195
2013,1,199.35894
2013,2,128.56251
2013,3,146.11586
2013,4,135.44059
2013,5,109.02804
2013,6,126.62587
2013,7,91.43749
2013,8,108.75838
2013,9,179.88974
2013,10,225.37331
2013,11,89.915173
2013,12,115.02074
2014,1,107.70513
2014,2,93.369298
2014,3,101.01873
2014,4,96.993431
2014,5,102.01504
2014,6,85.968468
2014,7,78.505987
2014,8,63.877336
2014,9,86.216602
2014,10,113.33458
2014,11,93.185943
2014,12,87.415328
2015,1,120.54423
2015,2,87.609469
2015,3,95.978963
2015,4,103.54496
2015,5,102.3187
2015,6,115.88029
2015,7,98.734793
2015,8,156.50363
2015,9,171.93268
2015,10,110.70194
2015,11,89.58371
2015,12,101.96343
2016,1,154.85733
2016,2,148.32179
2016,3,130.49016
2016,4,96.413416
2016,5,96.222333
2016,6,233.9561
2016,7,164.4584
2016,8,106.88562
2016,9,86.343538
2016,10,108.06412
2016,11,254.10133
2016,12,161.42479
2017,1,195.04063
2017,2,177.77772
2017,3,154.6097
2017,4,157.67652
2017,5,129.88806
2017,6,120.63846
2017,7,141.13833
2017,8,137.8597
2017,9,116.62002
2017,10,125.86584
2017,11,111.28269
2017,12,140.35018
2018,1,160.9672
2018,2,114.75556
2018,3,187.09589
2018,4,139.03539
2018,5,162.2767
2018,6,134.40277
2018,7,176.20508
2018,8,114.96137
2018,9,120.98519
2018,10,136.11465
2018,11,164.9422
2018,12,226.57689
2019,1,284.13594
2019,2,123.63929
2019,3,180.6317
2019,4,109.68637
2019,5,160.85815
2019,6,207.99137
2019,7,207.74546
2019,8,282.52293
2019,9,186.6407
2019,10,159.51139
2019,11,170.48034
2019,12,190.50493
2020,1,164.75531
2020,2,216.19121
2020,3,425.77917
2020,4,400.94474
2020,5,503.96334
2020,6,300.24017
2020,7,427.91537
2020,8,263.47143
2020,9,252.58784
2020,10,305.76663
2020,11,327.6096
2020,12,326.61663
2021,1,261.30613
2021,2,187.51962
2021,3,166.78553
2021,4,141.30017
2021,5,172.09621
2021,6,149.13127
2021,7,182.17141
2021,8,157.19521
2021,9,171.30045
2021,10,136.92024
2021,11,175.87288
2021,12,201.43367
2022,1,155.27966
2022,2,140.4425
2022,3,229.24474
2022,4,168.82775
2022,5,190.45302
2022,6,152.81057
2022,7,222.78994
2022,8,183.03483
2022,9,201.73849
2022,10,207.27533
2022,11,210.37489
2022,12,150.03712
2023,1,161.42711
2023,2,152.96728
2023,3,200.48994
2023,4,165.41756
2023,5,205.17646
2023,6,179.30804
2023,7,132.71063
2023,8,76.844224
2023,9,117.69878
2023,10,133.59407
2023,11,140.6772
2023,12,107.00158
2024,1,131.27368
2024,2,106.51287
2024,3,116.7115
2024,4,139.41202
2024,5,123.60752
2024,6,144.17842
2024,7,144.9368
2024,8,138.36643
2024,9,127.39912
2024,10,109.29089
2024,11,225.04903
2024,12,218.84548
2025,1,236.78707
2025,2,329.29079
2025,3,446.30316
2025,4,724.93609
2025,5,563.98421
2025,6,375.58531
2025,7,372.06267
2025,8,370.92543
2025,9,319.84104
2025,10,308.34041
2025,11,311.64985
2025,12,288.59499
2026,1,371.33496
2026,2,374.19179
2026,3,382.22243
